date,current_activity,expected_activity_3m,expectations_gap,source
2002-03-01,5.56,24.76,19.2,cbr_business_monitoring
2002-04-01,0.5,24.06,23.56,cbr_business_monitoring
2002-05-01,2.71,24.76,22.04,cbr_business_monitoring
2002-06-01,5.33,24.25,18.92,cbr_business_monitoring
2002-07-01,2.06,24.53,22.46,cbr_business_monitoring
2002-08-01,1.89,24.24,22.34,cbr_business_monitoring
2002-09-01,5.45,24.14,18.69,cbr_business_monitoring
2002-10-01,3.32,24.62,21.3,cbr_business_monitoring
2002-11-01,1.18,24.92,23.74,cbr_business_monitoring
2002-12-01,4.53,25.11,20.58,cbr_business_monitoring
2003-01-01,2.07,24.51,22.44,cbr_business_monitoring
2003-02-01,3.08,24.3,21.22,cbr_business_monitoring
2003-03-01,4.65,23.09,18.44,cbr_business_monitoring
2003-04-01,2.09,22.93,20.84,cbr_business_monitoring
2003-05-01,2.25,22.82,20.57,cbr_business_monitoring
2003-06-01,4.14,22.44,18.3,cbr_business_monitoring
2003-07-01,2.94,23.55,20.61,cbr_business_monitoring
2003-08-01,4.5,24.64,20.14,cbr_business_monitoring
2003-09-01,5.13,24.42,19.29,cbr_business_monitoring
2003-10-01,2.5,23.95,21.45,cbr_business_monitoring
2003-11-01,7.49,23.43,15.93,cbr_business_monitoring
2003-12-01,5.37,23.31,17.93,cbr_business_monitoring
2004-01-01,2.1,24.26,22.16,cbr_business_monitoring
2004-02-01,5.07,24.2,19.13,cbr_business_monitoring
2004-03-01,4.28,23.54,19.26,cbr_business_monitoring
2004-04-01,3.62,23.86,20.24,cbr_business_monitoring
2004-05-01,5.72,22.88,17.17,cbr_business_monitoring
2004-06-01,3.25,24.39,21.14,cbr_business_monitoring
2004-07-01,2.38,23.67,21.29,cbr_business_monitoring
2004-08-01,5.53,23.23,17.7,cbr_business_monitoring
2004-09-01,2.65,24.41,21.76,cbr_business_monitoring
2004-10-01,3.37,23.78,20.41,cbr_business_monitoring
2004-11-01,4.08,24.33,20.25,cbr_business_monitoring
2004-12-01,1.42,23.9,22.49,cbr_business_monitoring
2005-01-01,5.57,23.53,17.97,cbr_business_monitoring
2005-02-01,4.81,23.97,19.16,cbr_business_monitoring
2005-03-01,1.58,23.22,21.64,cbr_business_monitoring
2005-04-01,4.46,23.37,18.91,cbr_business_monitoring
2005-05-01,5.76,23.66,17.91,cbr_business_monitoring
2005-06-01,2.52,22.45,19.93,cbr_business_monitoring
2005-07-01,4.87,23.29,18.42,cbr_business_monitoring
2005-08-01,4.72,22.95,18.24,cbr_business_monitoring
2005-09-01,2.17,22.06,19.89,cbr_business_monitoring
2005-10-01,6.75,21.86,15.11,cbr_business_monitoring
2005-11-01,4.99,21.14,16.15,cbr_business_monitoring
2005-12-01,3.15,21.99,18.84,cbr_business_monitoring
2006-01-01,6.18,21.89,15.71,cbr_business_monitoring
2006-02-01,5.34,21.56,16.22,cbr_business_monitoring
2006-03-01,2.41,24.02,21.61,cbr_business_monitoring
2006-04-01,5.9,23.82,17.93,cbr_business_monitoring
2006-05-01,8.34,24.03,15.69,cbr_business_monitoring
2006-06-01,4.3,24.34,20.04,cbr_business_monitoring
2006-07-01,8.96,23.95,14.99,cbr_business_monitoring
2006-08-01,6.59,23.46,16.87,cbr_business_monitoring
2006-09-01,5.88,23.67,17.79,cbr_business_monitoring
2006-10-01,9.4,23.22,13.82,cbr_business_monitoring
2006-11-01,5.5,23.99,18.49,cbr_business_monitoring
2006-12-01,7.11,23.43,16.32,cbr_business_monitoring
2007-01-01,9.75,23.64,13.89,cbr_business_monitoring
2007-02-01,8.34,23.37,15.03,cbr_business_monitoring
2007-03-01,9.18,24.43,15.25,cbr_business_monitoring
2007-04-01,6.72,24.7,17.99,cbr_business_monitoring
2007-05-01,9.18,23.56,14.38,cbr_business_monitoring
2007-06-01,8.47,24.12,15.66,cbr_business_monitoring
2007-07-01,11.64,23.15,11.51,cbr_business_monitoring
2007-08-01,8.21,24.22,16.01,cbr_business_monitoring
2007-09-01,10.32,24.11,13.79,cbr_business_monitoring
2007-10-01,9.69,24.72,15.04,cbr_business_monitoring
2007-11-01,6.72,24.21,17.49,cbr_business_monitoring
2007-12-01,12.68,25.11,12.43,cbr_business_monitoring
2008-01-01,13.37,26.36,12.99,cbr_business_monitoring
2008-02-01,9.08,27.16,18.09,cbr_business_monitoring
2008-03-01,11.53,25.68,14.15,cbr_business_monitoring
2008-04-01,13.91,24.64,10.74,cbr_business_monitoring
2008-05-01,6.44,25.86,19.41,cbr_business_monitoring
2008-06-01,12.57,24.7,12.13,cbr_business_monitoring
2008-07-01,9.08,23.88,14.8,cbr_business_monitoring
2008-08-01,7.74,25.68,17.94,cbr_business_monitoring
2008-09-01,12.11,26.05,13.95,cbr_business_monitoring
2008-10-01,5.73,25.68,19.95,cbr_business_monitoring
2008-11-01,6.42,23.67,17.25,cbr_business_monitoring
2008-12-01,-6.22,9.36,15.58,cbr_business_monitoring
2009-01-01,-19.74,1.44,21.18,cbr_business_monitoring
2009-02-01,-17.11,2.76,19.86,cbr_business_monitoring
2009-03-01,-13.48,-1.05,12.43,cbr_business_monitoring
2009-04-01,-18.35,1.91,20.26,cbr_business_monitoring
2009-05-01,-18.53,5.03,23.56,cbr_business_monitoring
2009-06-01,-15.33,6.43,21.76,cbr_business_monitoring
2009-07-01,-14.92,8.76,23.68,cbr_business_monitoring
2009-08-01,-9.41,8.31,17.72,cbr_business_monitoring
2009-09-01,-9.1,9.31,18.41,cbr_business_monitoring
2009-10-01,-11.07,11.93,23.0,cbr_business_monitoring
2009-11-01,-3.92,13.97,17.9,cbr_business_monitoring
2009-12-01,-6.37,14.16,20.54,cbr_business_monitoring
2010-01-01,-5.6,14.07,19.67,cbr_business_monitoring
2010-02-01,-1.88,15.07,16.95,cbr_business_monitoring
2010-03-01,-3.14,16.55,19.69,cbr_business_monitoring
2010-04-01,-2.48,16.07,18.55,cbr_business_monitoring
2010-05-01,2.08,17.35,15.27,cbr_business_monitoring
2010-06-01,-0.6,17.13,17.73,cbr_business_monitoring
2010-07-01,0.3,17.54,17.24,cbr_business_monitoring
2010-08-01,3.12,17.21,14.09,cbr_business_monitoring
2010-09-01,-1.16,16.41,17.56,cbr_business_monitoring
2010-10-01,1.09,16.32,15.23,cbr_business_monitoring
2010-11-01,4.21,18.03,13.82,cbr_business_monitoring
2010-12-01,0.6,18.56,17.96,cbr_business_monitoring
2011-01-01,3.8,17.79,13.99,cbr_business_monitoring
2011-02-01,4.07,18.62,14.56,cbr_business_monitoring
2011-03-01,3.08,18.27,15.19,cbr_business_monitoring
2011-04-01,1.84,19.29,17.45,cbr_business_monitoring
2011-05-01,7.01,18.24,11.23,cbr_business_monitoring
2011-06-01,0.77,18.29,17.52,cbr_business_monitoring
2011-07-01,4.05,18.05,14.01,cbr_business_monitoring
2011-08-01,3.82,17.43,13.61,cbr_business_monitoring
2011-09-01,-1.33,17.91,19.24,cbr_business_monitoring
2011-10-01,6.15,17.76,11.61,cbr_business_monitoring
2011-11-01,2.07,17.04,14.97,cbr_business_monitoring
2011-12-01,0.07,17.04,16.97,cbr_business_monitoring
2012-01-01,5.94,17.33,11.39,cbr_business_monitoring
2012-02-01,3.56,16.36,12.8,cbr_business_monitoring
2012-03-01,-2.13,17.87,20.0,cbr_business_monitoring
2012-04-01,6.72,17.77,11.04,cbr_business_monitoring
2012-05-01,3.97,17.98,14.01,cbr_business_monitoring
2012-06-01,1.7,18.5,16.79,cbr_business_monitoring
2012-07-01,5.28,17.53,12.25,cbr_business_monitoring
2012-08-01,0.91,17.11,16.19,cbr_business_monitoring
2012-09-01,2.51,17.8,15.29,cbr_business_monitoring
2012-10-01,3.26,17.6,14.34,cbr_business_monitoring
2012-11-01,-0.92,17.76,18.67,cbr_business_monitoring
2012-12-01,3.73,17.86,14.12,cbr_business_monitoring
2013-01-01,2.18,19.08,16.9,cbr_business_monitoring
2013-02-01,-0.4,17.85,18.26,cbr_business_monitoring
2013-03-01,2.38,19.16,16.78,cbr_business_monitoring
2013-04-01,3.43,20.24,16.81,cbr_business_monitoring
2013-05-01,-0.82,18.51,19.32,cbr_business_monitoring
2013-06-01,5.18,17.51,12.33,cbr_business_monitoring
2013-07-01,-1.44,16.87,18.32,cbr_business_monitoring
2013-08-01,1.63,16.12,14.49,cbr_business_monitoring
2013-09-01,2.75,15.19,12.44,cbr_business_monitoring
2013-10-01,0.42,15.43,15.01,cbr_business_monitoring
2013-11-01,-1.21,15.24,16.44,cbr_business_monitoring
2013-12-01,1.91,15.49,13.58,cbr_business_monitoring
2014-01-01,-0.05,15.17,15.22,cbr_business_monitoring
2014-02-01,0.28,14.97,14.69,cbr_business_monitoring
2014-03-01,-0.83,14.9,15.74,cbr_business_monitoring
2014-04-01,0.8,14.51,13.7,cbr_business_monitoring
2014-05-01,-1.25,14.11,15.37,cbr_business_monitoring
2014-06-01,1.43,13.55,12.12,cbr_business_monitoring
2014-07-01,-2.55,12.77,15.32,cbr_business_monitoring
2014-08-01,-2.5,14.01,16.51,cbr_business_monitoring
2014-09-01,0.68,13.69,13.0,cbr_business_monitoring
2014-10-01,-5.67,13.68,19.35,cbr_business_monitoring
2014-11-01,0.96,11.89,10.93,cbr_business_monitoring
2014-12-01,-3.04,10.95,14.0,cbr_business_monitoring
2015-01-01,-7.29,7.51,14.8,cbr_business_monitoring
2015-02-01,-2.3,5.85,8.16,cbr_business_monitoring
2015-03-01,-7.08,4.45,11.53,cbr_business_monitoring
2015-04-01,-6.26,5.88,12.14,cbr_business_monitoring
2015-05-01,-7.25,7.23,14.48,cbr_business_monitoring
2015-06-01,-4.3,8.37,12.67,cbr_business_monitoring
2015-07-01,-7.44,7.76,15.2,cbr_business_monitoring
2015-08-01,-5.05,7.87,12.92,cbr_business_monitoring
2015-09-01,-5.47,6.58,12.05,cbr_business_monitoring
2015-10-01,-8.03,5.75,13.77,cbr_business_monitoring
2015-11-01,-7.03,6.49,13.53,cbr_business_monitoring
2015-12-01,-6.88,7.57,14.45,cbr_business_monitoring
2016-01-01,-7.34,6.01,13.35,cbr_business_monitoring
2016-02-01,-4.74,5.07,9.81,cbr_business_monitoring
2016-03-01,-7.77,6.35,14.12,cbr_business_monitoring
2016-04-01,-1.71,6.97,8.68,cbr_business_monitoring
2016-05-01,-6.05,7.02,13.07,cbr_business_monitoring
2016-06-01,-5.34,7.93,13.27,cbr_business_monitoring
2016-07-01,-5.16,8.44,13.6,cbr_business_monitoring
2016-08-01,-3.2,6.84,10.04,cbr_business_monitoring
2016-09-01,-5.19,8.72,13.91,cbr_business_monitoring
2016-10-01,-0.81,9.42,10.24,cbr_business_monitoring
2016-11-01,-1.43,9.62,11.05,cbr_business_monitoring
2016-12-01,-4.36,9.48,13.84,cbr_business_monitoring
2017-01-01,-1.75,10.66,12.41,cbr_business_monitoring
2017-02-01,-4.14,11.28,15.42,cbr_business_monitoring
2017-03-01,0.29,8.87,8.58,cbr_business_monitoring
2017-04-01,-5.99,8.72,14.71,cbr_business_monitoring
2017-05-01,-0.01,10.45,10.46,cbr_business_monitoring
2017-06-01,-6.96,10.35,17.31,cbr_business_monitoring
2017-07-01,-0.05,10.07,10.12,cbr_business_monitoring
2017-08-01,-3.12,10.34,13.46,cbr_business_monitoring
2017-09-01,-5.45,10.47,15.92,cbr_business_monitoring
2017-10-01,-0.77,10.49,11.26,cbr_business_monitoring
2017-11-01,-4.01,11.91,15.93,cbr_business_monitoring
2017-12-01,-1.56,12.11,13.68,cbr_business_monitoring
2018-01-01,-2.03,12.77,14.8,cbr_business_monitoring
2018-02-01,-4.32,12.07,16.39,cbr_business_monitoring
2018-03-01,-6.73,9.77,16.5,cbr_business_monitoring
2018-04-01,-3.74,8.98,12.72,cbr_business_monitoring
2018-05-01,-0.7,10.58,11.29,cbr_business_monitoring
2018-06-01,-1.92,9.95,11.88,cbr_business_monitoring
2018-07-01,-2.04,10.17,12.21,cbr_business_monitoring
2018-08-01,-6.3,9.63,15.93,cbr_business_monitoring
2018-09-01,-6.0,9.31,15.32,cbr_business_monitoring
2018-10-01,-3.45,8.9,12.35,cbr_business_monitoring
2018-11-01,-6.57,11.84,18.41,cbr_business_monitoring
2018-12-01,0.68,11.02,10.34,cbr_business_monitoring
2019-01-01,-2.32,11.06,13.37,cbr_business_monitoring
2019-02-01,-3.51,12.09,15.6,cbr_business_monitoring
2019-03-01,-4.92,9.46,14.37,cbr_business_monitoring
2019-04-01,-2.88,10.31,13.2,cbr_business_monitoring
2019-05-01,-1.06,12.05,13.11,cbr_business_monitoring
2019-06-01,1.16,11.82,10.66,cbr_business_monitoring
2019-07-01,-3.61,11.25,14.86,cbr_business_monitoring
2019-08-01,-3.29,11.05,14.34,cbr_business_monitoring
2019-09-01,-0.26,11.25,11.51,cbr_business_monitoring
2019-10-01,-4.4,11.59,15.99,cbr_business_monitoring
2019-11-01,-2.65,13.27,15.92,cbr_business_monitoring
2019-12-01,0.49,14.32,13.83,cbr_business_monitoring
2020-01-01,-2.32,13.45,15.77,cbr_business_monitoring
2020-02-01,-0.73,12.9,13.63,cbr_business_monitoring
2020-03-01,-2.98,13.0,15.98,cbr_business_monitoring
2020-04-01,-5.42,6.48,11.9,cbr_business_monitoring
2020-05-01,-27.16,-23.94,3.21,cbr_business_monitoring
2020-06-01,-39.19,-5.81,33.38,cbr_business_monitoring
2020-07-01,-24.59,6.67,31.26,cbr_business_monitoring
2020-08-01,-10.79,12.8,23.6,cbr_business_monitoring
2020-09-01,-4.91,10.66,15.57,cbr_business_monitoring
2020-10-01,-5.86,8.83,14.7,cbr_business_monitoring
2020-11-01,-5.28,6.52,11.79,cbr_business_monitoring
2020-12-01,-10.56,4.06,14.63,cbr_business_monitoring
2021-01-01,-9.13,3.96,13.1,cbr_business_monitoring
2021-02-01,-8.77,8.5,17.27,cbr_business_monitoring
2021-03-01,-5.0,10.46,15.46,cbr_business_monitoring
2021-04-01,-2.6,13.81,16.4,cbr_business_monitoring
2021-05-01,1.03,15.81,14.78,cbr_business_monitoring
2021-06-01,2.41,14.64,12.23,cbr_business_monitoring
2021-07-01,-0.49,12.53,13.02,cbr_business_monitoring
2021-08-01,-0.54,10.69,11.23,cbr_business_monitoring
2021-09-01,-2.72,12.11,14.84,cbr_business_monitoring
2021-10-01,-2.25,12.56,14.81,cbr_business_monitoring
2021-11-01,-0.56,11.83,12.4,cbr_business_monitoring
2021-12-01,-5.18,10.6,15.78,cbr_business_monitoring
2022-01-01,-3.21,11.98,15.19,cbr_business_monitoring
2022-02-01,-1.6,12.18,13.78,cbr_business_monitoring
2022-03-01,-2.59,13.81,16.4,cbr_business_monitoring
2022-04-01,-10.66,-10.46,0.2,cbr_business_monitoring
2022-05-01,-13.96,-0.6,13.37,cbr_business_monitoring
2022-06-01,-10.83,3.91,14.74,cbr_business_monitoring
2022-07-01,-7.88,7.0,14.89,cbr_business_monitoring
2022-08-01,-4.35,8.61,12.96,cbr_business_monitoring
2022-09-01,-5.8,10.66,16.46,cbr_business_monitoring
2022-10-01,-2.26,11.09,13.35,cbr_business_monitoring
2022-11-01,-6.1,6.01,12.12,cbr_business_monitoring
2022-12-01,-6.65,9.36,16.01,cbr_business_monitoring
2023-01-01,-2.01,8.81,10.82,cbr_business_monitoring
2023-02-01,-2.87,9.89,12.75,cbr_business_monitoring
2023-03-01,-0.04,12.32,12.35,cbr_business_monitoring
2023-04-01,0.1,14.3,14.2,cbr_business_monitoring
2023-05-01,3.83,15.9,12.07,cbr_business_monitoring
2023-06-01,1.6,14.87,13.27,cbr_business_monitoring
2023-07-01,6.04,13.15,7.11,cbr_business_monitoring
2023-08-01,2.35,12.0,9.65,cbr_business_monitoring
2023-09-01,-0.45,11.83,12.28,cbr_business_monitoring
2023-10-01,1.1,12.34,11.23,cbr_business_monitoring
2023-11-01,-0.69,13.75,14.44,cbr_business_monitoring
2023-12-01,-0.15,14.08,14.23,cbr_business_monitoring
2024-01-01,2.18,14.1,11.92,cbr_business_monitoring
2024-02-01,-1.36,14.81,16.17,cbr_business_monitoring
2024-03-01,1.0,14.91,13.91,cbr_business_monitoring
2024-04-01,3.81,17.22,13.41,cbr_business_monitoring
2024-05-01,3.75,17.66,13.91,cbr_business_monitoring
2024-06-01,5.39,16.96,11.57,cbr_business_monitoring
2024-07-01,6.83,14.68,7.85,cbr_business_monitoring
2024-08-01,2.13,13.69,11.56,cbr_business_monitoring
2024-09-01,1.45,12.26,10.82,cbr_business_monitoring
2024-10-01,-1.68,12.53,14.21,cbr_business_monitoring
2024-11-01,-0.55,11.9,12.45,cbr_business_monitoring
2024-12-01,-0.91,11.08,12.0,cbr_business_monitoring
2025-01-01,-3.42,12.0,15.42,cbr_business_monitoring
2025-02-01,-2.87,10.95,13.82,cbr_business_monitoring
2025-03-01,1.22,11.08,9.86,cbr_business_monitoring
2025-04-01,-2.4,12.38,14.78,cbr_business_monitoring
2025-05-01,-3.48,13.16,16.64,cbr_business_monitoring
2025-06-01,-0.87,11.33,12.19,cbr_business_monitoring
2025-07-01,-3.15,9.92,13.06,cbr_business_monitoring
2025-08-01,-4.44,9.33,13.77,cbr_business_monitoring
2025-09-01,-4.82,9.95,14.78,cbr_business_monitoring
2025-10-01,-7.08,10.23,17.31,cbr_business_monitoring
2025-11-01,-4.12,10.12,14.24,cbr_business_monitoring
2025-12-01,-4.96,12.17,17.12,cbr_business_monitoring
2026-01-01,-5.25,11.25,16.5,cbr_business_monitoring
2026-02-01,-5.31,8.01,13.32,cbr_business_monitoring
2026-03-01,-6.05,8.61,14.67,cbr_business_monitoring
2026-04-01,-8.09,9.37,17.45,cbr_business_monitoring
2026-05-01,-4.19,10.17,14.36,cbr_business_monitoring
2026-06-01,-5.38,9.51,14.89,cbr_business_monitoring
2026-07-01,-5.06,7.74,12.79,cbr_business_monitoring
2026-08-01,-10.23,3.85,14.08,cbr_business_monitoring
2026-09-01,-9.5,6.45,15.95,cbr_business_monitoring
2026-10-01,-10.09,7.14,17.22,cbr_business_monitoring
