date,credit_impulse,source,nonfinancial_corporations,financial_corporations,unsecured_household_auto,mortgage
2015-01-01,2.46,cbr_dip,1.88,2.0,-1.71,0.28
2015-02-01,2.9,cbr_dip,2.18,2.45,-1.91,0.18
2015-03-01,1.83,cbr_dip,1.63,2.26,-2.12,0.05
2015-04-01,1.45,cbr_dip,2.47,1.36,-2.26,-0.12
2015-05-01,0.07,cbr_dip,1.65,0.92,-2.26,-0.23
2015-06-01,0.25,cbr_dip,1.81,1.05,-2.33,-0.28
2015-07-01,0.38,cbr_dip,2.43,0.69,-2.38,-0.36
2015-08-01,1.35,cbr_dip,2.22,1.93,-2.41,-0.39
2015-09-01,-0.05,cbr_dip,1.71,1.11,-2.33,-0.54
2015-10-01,-0.2,cbr_dip,1.98,0.65,-2.25,-0.58
2015-11-01,-0.32,cbr_dip,1.85,0.68,-2.22,-0.64
2015-12-01,-7.67,cbr_dip,-2.8,-2.11,-2.21,-0.55
2016-01-01,-6.48,cbr_dip,-2.82,-1.21,-1.92,-0.53
2016-02-01,-7.37,cbr_dip,-3.59,-1.81,-1.59,-0.38
2016-03-01,-5.44,cbr_dip,-2.35,-1.65,-1.2,-0.24
2016-04-01,-5.49,cbr_dip,-3.32,-1.21,-0.87,-0.09
2016-05-01,-4.31,cbr_dip,-4.01,0.29,-0.62,0.03
2016-06-01,-3.97,cbr_dip,-3.42,-0.3,-0.33,0.08
2016-07-01,-3.96,cbr_dip,-4.61,0.58,-0.03,0.11
2016-08-01,-5.29,cbr_dip,-4.21,-1.41,0.24,0.09
2016-09-01,-2.66,cbr_dip,-3.83,0.68,0.34,0.15
2016-10-01,-2.38,cbr_dip,-4.12,1.03,0.52,0.19
2016-11-01,-2.46,cbr_dip,-4.27,0.84,0.7,0.26
2016-12-01,0.31,cbr_dip,-1.8,0.99,1.06,0.06
2017-01-01,0.5,cbr_dip,-1.74,1.19,1.02,0.03
2017-02-01,1.53,cbr_dip,-0.91,1.48,1.06,-0.1
2017-03-01,0.6,cbr_dip,-2.11,1.74,1.09,-0.11
2017-04-01,0.86,cbr_dip,-0.95,0.78,1.12,-0.1
2017-05-01,0.91,cbr_dip,1.08,-1.14,1.14,-0.17
2017-06-01,0.98,cbr_dip,0.26,-0.31,1.15,-0.11
2017-07-01,1.39,cbr_dip,1.32,-0.96,1.13,-0.1
2017-08-01,2.72,cbr_dip,1.23,0.3,1.2,-0.0
2017-09-01,2.08,cbr_dip,1.48,-0.62,1.19,0.03
2017-10-01,2.66,cbr_dip,1.58,-0.21,1.26,0.04
2017-11-01,3.54,cbr_dip,1.64,0.52,1.3,0.08
2017-12-01,3.51,cbr_dip,0.88,1.17,1.21,0.25
2018-01-01,2.69,cbr_dip,0.53,0.51,1.32,0.33
2018-02-01,2.4,cbr_dip,0.39,0.31,1.23,0.47
2018-03-01,2.57,cbr_dip,1.02,-0.15,1.2,0.5
2018-04-01,2.71,cbr_dip,0.47,0.59,1.12,0.52
2018-05-01,2.48,cbr_dip,-0.27,0.97,1.1,0.68
2018-06-01,2.31,cbr_dip,0.27,0.28,1.12,0.65
2018-07-01,2.36,cbr_dip,-0.23,0.78,1.11,0.71
2018-08-01,1.67,cbr_dip,0.32,-0.39,1.06,0.67
2018-09-01,1.09,cbr_dip,-0.28,-0.43,1.13,0.67
2018-10-01,0.59,cbr_dip,-0.42,-0.77,1.06,0.71
2018-11-01,-0.53,cbr_dip,-0.5,-1.76,1.05,0.68
2018-12-01,-0.01,cbr_dip,-0.06,-1.53,1.03,0.55
2019-01-01,1.4,cbr_dip,1.21,-1.52,1.0,0.71
2019-02-01,1.23,cbr_dip,1.36,-1.78,0.99,0.65
2019-03-01,1.28,cbr_dip,1.25,-1.43,0.88,0.58
2019-04-01,0.88,cbr_dip,1.15,-1.74,0.97,0.51
2019-05-01,1.0,cbr_dip,0.82,-1.09,0.9,0.37
2019-06-01,1.15,cbr_dip,0.62,-0.6,0.82,0.31
2019-07-01,0.46,cbr_dip,0.62,-1.07,0.76,0.15
2019-08-01,0.7,cbr_dip,0.08,-0.15,0.66,0.1
2019-09-01,0.88,cbr_dip,0.33,-0.03,0.54,0.05
2019-10-01,0.54,cbr_dip,0.67,-0.51,0.43,-0.04
2019-11-01,1.4,cbr_dip,0.89,0.36,0.25,-0.1
2019-12-01,1.38,cbr_dip,1.04,0.17,0.13,0.04
2020-01-01,-1.25,cbr_dip,-0.46,-0.33,-0.15,-0.32
2020-02-01,-0.7,cbr_dip,-0.74,0.48,-0.11,-0.33
2020-03-01,-0.6,cbr_dip,-0.38,0.15,-0.08,-0.29
2020-04-01,-0.28,cbr_dip,-0.36,0.95,-0.55,-0.32
2020-05-01,-0.75,cbr_dip,-0.12,0.44,-0.75,-0.32
2020-06-01,-0.49,cbr_dip,0.15,0.49,-0.86,-0.27
2020-07-01,0.07,cbr_dip,0.46,0.58,-0.93,-0.03
2020-08-01,0.31,cbr_dip,0.84,0.36,-0.94,0.06
2020-09-01,0.23,cbr_dip,0.84,0.16,-0.98,0.21
2020-10-01,0.78,cbr_dip,0.71,0.54,-0.95,0.49
2020-11-01,1.11,cbr_dip,0.94,0.44,-0.67,0.41
2020-12-01,1.54,cbr_dip,1.12,0.65,-0.59,0.35
2021-01-01,3.38,cbr_dip,1.81,1.46,-0.44,0.54
2021-02-01,2.92,cbr_dip,2.02,0.79,-0.48,0.58
2021-03-01,2.29,cbr_dip,1.28,0.86,-0.48,0.63
2021-04-01,3.06,cbr_dip,1.85,0.16,0.16,0.88
2021-05-01,4.43,cbr_dip,2.09,0.7,0.6,1.04
2021-06-01,3.98,cbr_dip,1.89,0.0,0.87,1.21
2021-07-01,4.17,cbr_dip,1.81,0.25,1.01,1.1
2021-08-01,4.05,cbr_dip,1.7,0.22,1.1,1.03
2021-09-01,4.72,cbr_dip,2.18,0.4,1.27,0.86
2021-10-01,4.94,cbr_dip,2.44,0.53,1.4,0.57
2021-11-01,4.03,cbr_dip,2.07,-0.03,1.33,0.66
2021-12-01,3.19,cbr_dip,1.74,-0.74,1.4,0.8
2022-01-01,3.18,cbr_dip,1.77,-0.79,1.4,0.8
2022-02-01,4.38,cbr_dip,2.17,-0.05,1.43,0.83
2022-03-01,4.69,cbr_dip,2.74,0.2,0.99,0.76
2022-04-01,2.79,cbr_dip,2.09,0.08,0.35,0.28
2022-05-01,0.79,cbr_dip,1.57,-0.57,-0.15,-0.06
2022-06-01,0.68,cbr_dip,1.64,-0.06,-0.47,-0.42
2022-07-01,0.07,cbr_dip,1.29,-0.11,-0.64,-0.47
2022-08-01,0.4,cbr_dip,1.57,0.01,-0.64,-0.54
2022-09-01,-0.47,cbr_dip,1.52,-0.77,-0.77,-0.46
2022-10-01,-0.41,cbr_dip,1.72,-0.73,-1.0,-0.4
2022-11-01,-0.19,cbr_dip,2.14,-0.81,-1.28,-0.24
2022-12-01,0.52,cbr_dip,2.59,-0.39,-1.33,-0.35
2023-01-01,0.11,cbr_dip,2.5,-0.65,-1.34,-0.41
2023-02-01,-1.37,cbr_dip,2.0,-1.43,-1.42,-0.51
2023-03-01,-1.09,cbr_dip,2.12,-1.96,-0.76,-0.5
2023-04-01,0.49,cbr_dip,2.11,-1.34,-0.22,-0.06
2023-05-01,2.71,cbr_dip,2.54,-0.35,0.18,0.34
2023-06-01,3.45,cbr_dip,2.53,-0.23,0.46,0.69
2023-07-01,5.36,cbr_dip,3.6,0.18,0.72,0.86
2023-08-01,5.33,cbr_dip,2.91,0.45,0.74,1.22
2023-09-01,6.54,cbr_dip,2.62,1.59,0.88,1.44
2023-10-01,6.24,cbr_dip,2.01,1.49,1.12,1.6
2023-11-01,7.41,cbr_dip,1.91,2.53,1.31,1.65
2023-12-01,7.01,cbr_dip,1.18,2.98,1.08,1.78
2024-01-01,7.43,cbr_dip,1.28,3.17,1.14,1.85
2024-02-01,7.8,cbr_dip,1.03,3.63,1.3,1.83
2024-03-01,8.49,cbr_dip,0.78,4.85,1.1,1.76
2024-04-01,7.96,cbr_dip,1.13,4.43,0.9,1.5
2024-05-01,7.0,cbr_dip,1.23,3.71,0.78,1.27
2024-06-01,6.34,cbr_dip,1.31,3.1,0.73,1.2
2024-07-01,4.11,cbr_dip,0.44,2.25,0.54,0.88
2024-08-01,3.38,cbr_dip,1.01,1.68,0.37,0.33
2024-09-01,2.22,cbr_dip,1.2,1.16,0.1,-0.24
2024-10-01,1.92,cbr_dip,1.64,1.05,-0.15,-0.62
2024-11-01,0.11,cbr_dip,1.54,-0.2,-0.22,-1.01
2024-12-01,-0.75,cbr_dip,1.26,-0.59,-0.05,-1.38
2025-01-01,-1.57,cbr_dip,0.68,-0.6,-0.17,-1.48
2025-02-01,-1.83,cbr_dip,0.96,-0.88,-0.45,-1.45
2025-03-01,-3.42,cbr_dip,0.7,-1.86,-0.77,-1.49
2025-04-01,-3.98,cbr_dip,0.33,-1.74,-1.05,-1.52
2025-05-01,-5.34,cbr_dip,-0.25,-2.17,-1.31,-1.61
2025-06-01,-5.63,cbr_dip,-0.61,-1.44,-1.63,-1.94
2025-07-01,-5.42,cbr_dip,-0.99,-0.88,-1.78,-1.77
2025-08-01,-4.87,cbr_dip,-1.11,-0.47,-1.77,-1.52
2025-09-01,-5.22,cbr_dip,-1.69,-0.7,-1.63,-1.2
2025-10-01,-4.7,cbr_dip,-1.66,-0.61,-1.5,-0.93
2025-11-01,-3.82,cbr_dip,-1.51,-0.22,-1.53,-0.56
2025-12-01,-3.55,cbr_dip,-0.65,-1.39,-1.44,-0.07
2026-01-01,-3.08,cbr_dip,-0.16,-1.8,-1.28,0.16
2026-02-01,-2.66,cbr_dip,-0.31,-1.49,-1.06,0.21
2026-03-01,-2.31,cbr_dip,-0.34,-1.47,-0.82,0.32
2026-04-01,-1.65,cbr_dip,0.01,-1.46,-0.59,0.39
2026-05-01,-0.26,cbr_dip,0.36,-0.78,-0.3,0.45
2026-06-01,-0.04,cbr_dip,0.54,-1.29,0.04,0.67
2026-07-01,0.66,cbr_dip,1.55,-1.72,0.22,0.61
